User Name,Review Date,Rating,Review Body,Cleaned Review,Positivity Score
David Lamp,"Reviewed in the United States on March 3, 2025",1.0 out of 5 stars,Book was purest crap.,book was purest crap,0.23273
SDL,"Reviewed in the United States on March 2, 2025",1.0 out of 5 stars,What a self pandering bunch of nonsense.,what a self pandering bunch of nonsense,0.229715
Package came opened,"Reviewed in the United States on March 2, 2025",1.0 out of 5 stars,Scam,scam,0.20421499999999998
Jeff Rettew,"Reviewed in the United States on February 27, 2025",1.0 out of 5 stars,Waste of miney,waste of miney,0.226775
BeenThere,"Reviewed in the United States on February 21, 2025",1.0 out of 5 stars,"The book cover was a mess with smudges and heavy tipping. Very unseemly.

As to the content, the book is written in a heavy Slovenian accent which you will need to get used to working through. Once you get past that issue, it flows like a breeze. We found Melania to be highly supportive of Donald J Trump as well as Barron J Trump, her son.

Almost nothing is written about Stormy Daniels or Karen McDougal and if you are expecting that---- it's not there.

Overall, Melania comes from the school of adjective-based writing and it shows with a wide and varied use of many adjectives. Melania has a keen wit.",the book cover was a mess with smudges and heavy tipping very unseemly as to the content the book is written in a heavy slovenian accent which you will need to get used to working through once you get past that issue it flows like a breeze we found melania to be highly supportive of donald j trump as well as barron j trump her son almost nothing is written about stormy daniels or karen mcdougal and if you are expecting that it s not there overall melania comes from the school of adjective based writing and it shows with a wide and varied use of many adjectives melania has a keen wit,0.39896
alex28,"Reviewed in the United States on February 20, 2025",1.0 out of 5 stars,"I got this book for free. Thank God! (I would never pay for this nonsense.)

Here's the situation: the Kindle edition spans approximately 340 pages, with around 150 of those dedicated solely to photographs.
The remainder of the book features Melania promoting herself and Donald as compassionate individuals genuinely focused on uniting the nation. When she wasn't emphasizing that message, she was criticizing the media and elaborating on the various enhancements she implemented in the White House.
I was actually shocked at how bad this book was..
I really don’t care, do you?",i got this book for free thank god i would never pay for this nonsense here s the situation the kindle edition spans approximately 340 pages with around 150 of those dedicated solely to photographs the remainder of the book features melania promoting herself and donald as compassionate individuals genuinely focused on uniting the nation when she wasn t emphasizing that message she was criticizing the media and elaborating on the various enhancements she implemented in the white house i was actually shocked at how bad this book was i really don t care do you,0.424925
Fable,"Reviewed in the United States on February 16, 2025",1.0 out of 5 stars,"Droll, bland, vapid sentiments. This whole book says as little as Melania normally does. Yawn.",droll bland vapid sentiments this whole book says as little as melania normally does yawn,0.29
Screw this stupid whore,"Reviewed in the United States on February 14, 2025",1.0 out of 5 stars,"She knew exactly what she was getting
Cry me a River, Russian slag",she knew exactly what she was getting cry me a river russian slag,0.218495
Nina Aprea,"Reviewed in the United States on February 13, 2025",1.0 out of 5 stars,Book cover has oil on it.,book cover has oil on it,0.29
Matt,"Reviewed in the United States on February 11, 2025",1.0 out of 5 stars,Did someone pay her to write this trash?,did someone pay her to write this trash,0.274595
GroovyGeek,"Reviewed in the United States on February 5, 2025",1.0 out of 5 stars,The book is about as interesting as the cover design. And so is her life.,the book is about as interesting as the cover design and so is her life,0.35028499999999996
Suring Area Public Library,"Reviewed in the United States on February 4, 2025",1.0 out of 5 stars,"All of the pictured pages fell out almost right away. Book horribly assembled. For what you pay for books, it was terrible.",all of the pictured pages fell out almost right away book horribly assembled for what you pay for books it was terrible,0.17232499999999998
Alif Dharamsi,"Reviewed in the United States on January 30, 2025",1.0 out of 5 stars,This book reads like an AI written essay. She sounds egotistical and superficial.,this book reads like an ai written essay she sounds egotistical and superficial,0.312965
flkamm,"Reviewed in the United States on January 29, 2025",1.0 out of 5 stars,Don’t waste your time!,don t waste your time,0.226775
Amazon Customer,"Reviewed in the United States on January 27, 2025",1.0 out of 5 stars,Nothing that you don't already know. Disappointing.,nothing that you don t already know disappointing,0.21591499999999997
NanaLis,"Reviewed in the United States on January 26, 2025",1.0 out of 5 stars,"REVISED review, bc this platform didn't allow the details previously provided... I received my ENTIRE order of the Melania books EXTREMELY DIRTY, marked, scratched and spotted on both front and back covers, as if they fell and slid on a rough surface, and NOT well kept AT ALL (pics attached)",revised review bc this platform didn t allow the details previously provided i received my entire order of the melania books extremely dirty marked scratched and spotted on both front and back covers as if they fell and slid on a rough surface and not well kept at all pics attached,0.21831499999999998
Abbie,"Reviewed in the United States on January 26, 2025",1.0 out of 5 stars,Not a good book,not a good book,0.23881999999999998
Amazon Customer,"Reviewed in the United States on January 25, 2025",1.0 out of 5 stars,"On my second day of reading, the book snapped apart into two pieces. The glue was brittle and did not hold the pages to the spine. I’m very disappointed.",on my second day of reading the book snapped apart into two pieces the glue was brittle and did not hold the pages to the spine i m very disappointed,0.21116
Kennady Bonnallie,"Reviewed in the United States on January 23, 2025",1.0 out of 5 stars,Comically embarrassing. The amount of misinformation and exaggeration is insane. But something the uneducated believe - yikes. Pray for America. Wait….,comically embarrassing the amount of misinformation and exaggeration is insane but something the uneducated believe yikes pray for america wait,0.27649999999999997
Linda McCubbin,"Reviewed in the United States on January 23, 2025",1.0 out of 5 stars,The photo pages in the middle fell out. This was purchased for a library.,the photo pages in the middle fell out this was purchased for a library,0.29
Blueeyeddriver,"Reviewed in the United States on January 22, 2025",1.0 out of 5 stars,She defffffff had help writing it lol,she defffffff had help writing it lol,0.390575
windward,"Reviewed in the United States on January 21, 2025",1.0 out of 5 stars,Read it...........that's it.,read it that s it,0.29
Joann,"Reviewed in the United States on January 20, 2025",1.0 out of 5 stars,"The cover was made poorly, smudged easily. A better understanding of Melania, but would not recommend this book.",the cover was made poorly smudged easily a better understanding of melania but would not recommend this book,0.289415
D,"Reviewed in the United States on January 16, 2025",1.0 out of 5 stars,The book had all dirty fingertips all over it. It was covered in oil of some sort of food disgusting.,the book had all dirty fingertips all over it it was covered in oil of some sort of food disgusting,0.17532499999999998
chris,"Reviewed in the United States on January 15, 2025",1.0 out of 5 stars,Dirty fingerprints on cover and pages rating should be zero! Now want me to send back at my expense!!!!!!!,dirty fingerprints on cover and pages rating should be zero now want me to send back at my expense,0.23273
Brian Zach,"Reviewed in the United States on January 15, 2025",1.0 out of 5 stars,Once I started reading this book I found pictures you can verily make out something happen in the print of the pictures,once i started reading this book i found pictures you can verily make out something happen in the print of the pictures,0.29
Connor Malbeuf,"Reviewed in the United States on January 15, 2025",1.0 out of 5 stars,a whole lot of nothing in this book and viewpoints that veer off track so much that I don't even know where to begin. Big sigh.,a whole lot of nothing in this book and viewpoints that veer off track so much that i don t even know where to begin big sigh,0.29386999999999996
Kayla Branstetter,"Reviewed in the United States on January 15, 2025",1.0 out of 5 stars,"I wanted to like this book, but Melania doesn’t accept any accountability for anything. The entire book was surface level and poorly written.",i wanted to like this book but melania doesn t accept any accountability for anything the entire book was surface level and poorly written,0.38464999999999994
Richard C Sherman,"Reviewed in the United States on January 13, 2025",1.0 out of 5 stars,"I bought this book as a gift for Christmas. The recipient just finished the first half of the book and then the second half is just a mishmash of pages. The last page in the book is the first page of Chapter 2. And now because it was bought when it first came out, it states it is unreturnable. I can't be the only one with this problem.",i bought this book as a gift for christmas the recipient just finished the first half of the book and then the second half is just a mishmash of pages the last page in the book is the first page of chapter 2 and now because it was bought when it first came out it states it is unreturnable i can t be the only one with this problem,0.2813
Paul Aussendorf,"Reviewed in the United States on January 12, 2025",1.0 out of 5 stars,Poorly written. Better titled Jeff Bezos’ payoff to Trump.,poorly written better titled jeff bezos payoff to trump,0.35605999999999993
Tom Schaefer,"Reviewed in the United States on January 11, 2025",1.0 out of 5 stars,"Boring and shallow. I had had higher expectations for this book. I am utterly disappointed, and upset that I wasted money on this.",boring and shallow i had had higher expectations for this book i am utterly disappointed and upset that i wasted money on this,0.155795
James Jenkins,"Reviewed in the United States on January 9, 2025",1.0 out of 5 stars,This book really is nothing special. You’d be better off looking through a book with blank pages.,this book really is nothing special you d be better off looking through a book with blank pages,0.30457999999999996
MemePNC,"Reviewed in the United States on January 8, 2025",1.0 out of 5 stars,"Melania didn't write this, though I can't imagine how much worse it would have been if she had! Don't waste your time.",melania didn t write this though i can t imagine how much worse it would have been if she had don t waste your time,0.18355999999999997
Maria Falcon,"Reviewed in the United States on January 7, 2025",1.0 out of 5 stars,Book replacement was once again with what appears to be greasy finger prints and scratches. This replacement book and the first that I returned were just placed inside a paper bag without protective wrapping around any of the books.,book replacement was once again with what appears to be greasy finger prints and scratches this replacement book and the first that i returned were just placed inside a paper bag without protective wrapping around any of the books,0.29
Tamila Savitskaya,"Reviewed in the United States on January 6, 2025",1.0 out of 5 stars,Absence of minimal education makes this book most boring and flat.,absence of minimal education makes this book most boring and flat,0.23293999999999998
Scotch,"Reviewed in the United States on January 6, 2025",1.0 out of 5 stars,A waste of time,a waste of time,0.226775
MJ,"Reviewed in the United States on January 5, 2025",1.0 out of 5 stars,Ridiculous garbage.,ridiculous garbage,0.23581999999999997
AArkieam,"Reviewed in the United States on January 5, 2025",1.0 out of 5 stars,This book sheds light on what she wants you to believe her life is and was the light side of the story. Where are were he truth tellers I wanna here the true story and leave nothing out. Another celebrity writing a nothing burger.,this book sheds light on what she wants you to believe her life is and was the light side of the story where are were he truth tellers i wanna here the true story and leave nothing out another celebrity writing a nothing burger,0.37990999999999997
Southern Cook,"Reviewed in the United States on January 5, 2025",1.0 out of 5 stars,Not what I expected…..I love Melanie but just couldn’t finish book. Her life is boring compared to mine and I’m a nobody! 😁,not what i expected i love melanie but just couldn t finish book her life is boring compared to mine and i m a nobody,0.19565
The Lady of the House,"Reviewed in the United States on January 3, 2025",1.0 out of 5 stars,I was extremely disappointed by this book. It is not written by Melania. I did not learn anything new about her by reading this book. It contain information that has been widely dispersed by the media for years. It was a waste of money.,i was extremely disappointed by this book it is not written by melania i did not learn anything new about her by reading this book it contain information that has been widely dispersed by the media for years it was a waste of money,0.17980999999999997
Sharon Comba,"Reviewed in the United States on December 29, 2024",1.0 out of 5 stars,"I’m a Trump supporting Republican, but wow this was not worth my time. I actually skipped parts to get through it. Enjoyed pictures more than anything",i m a trump supporting republican but wow this was not worth my time i actually skipped parts to get through it enjoyed pictures more than anything,0.42364999999999997
Regina C. Allen,"Reviewed in the United States on December 29, 2024",1.0 out of 5 stars,Use this for toilet paper.,use this for toilet paper,0.29
J. Hurd,"Reviewed in the United States on December 26, 2024",1.0 out of 5 stars,"Clearly ghost written, but with no more interesting content than you'd expect from the ""I really don't care, do you"" ex-stripper who destroyed the Rose Garden and hates Christmas. If I could give it -5 stars, I would.",clearly ghost written but with no more interesting content than you d expect from the i really don t care do you ex stripper who destroyed the rose garden and hates christmas if i could give it 5 stars i would,0.251
Amazon Customer,"Reviewed in the United States on December 24, 2024",1.0 out of 5 stars,"I've read many books from First Lady's, and kept them all. This one is not worth saving.",i ve read many books from first lady s and kept them all this one is not worth saving,0.264575
Bella,"Reviewed in the United States on December 23, 2024",1.0 out of 5 stars,"I have very little positive to say about this book. I like Melania and have talked to someone who knows her personally who says she is one of the kindest, most caring persons he knows. I wanted to love the book but I could barely get through it and skimmed a lot of it. I think the reading of it would make people like her less so if she meant to promote herself, this is a huge fail!

The writing is terrible. I realize she is not a writer and maybe there is a barrier in culture and nuance of language, but the constant ""I did this, I did that, I'm compassionate, I'm loving......"" was a bit eye rolling. She needed a good editor or a ghost writer.

It was very repetitive and read more like a journal in areas...not even chronological. At times I had to go back because I thought I had dozed off when a new paragraph in the same chapter started on a completely unrelated subject...very strange. Even some of the photos were odd choices.... I got the feeling she couldn't make a decision on photos so just threw them all in, even if unflattering.

The black matte cover jacket is awful and gets oil spots on it from just holding the book making it look horrible in minutes. I didn't have any problem with the binding like others have said in reviews but the book was indeed expensive and not worth the price. I feel as if she had some kind of publication deadline and didn't give enough time to do this job well or even that someone sabotaged her into thinking it was great!

In contrast I read Free, Melania : the Unauthorized Biography by Kate Bennet in late 2019. I would never have picked that book up but it was given to me by my son who didn't realize it was supposed to be negative. I gave that book 2 stars, so it also was not great but even though it was supposed to be a ""hit job"", Kate described Melania quite well. I remember thinking Melania must be a pretty good person because the only bad things Kate could come up with revolved around Melania's shopping habits. I also learned a lot about life in the White House as Kate Bennet was the only journalist in the White House press corps to cover solely Melania Trump.

After reading Melania, the only interesting item I've come away with is this.

She shared the tradition of the outgoing president allowing the incoming president to check out the White House and plan for their move and renovation of rooms etc (expecially with a 10 year old boy moving in). This time is usually over the Christmas holidays when the sitting president's family is out of the White House in some other location. She wrote that the Trump staff sent a request but did not receive a response for weeks making it very difficult to organize the visit with the people needed. That was part of the reason she finished off the school year with Baron in NYC.
She mentioned Baron was 10 and the children's rooms were feminine since there had not been a boy child in the White House since Kennedy. She wanted to make the transition as easy as possible for him. Incidentally, as I was reading this part, I then heard a brief news item that the Trumps were invited to the White House this Christmas Season.",i have very little positive to say about this book i like melania and have talked to someone who knows her personally who says she is one of the kindest most caring persons he knows i wanted to love the book but i could barely get through it and skimmed a lot of it i think the reading of it would make people like her less so if she meant to promote herself this is a huge fail the writing is terrible i realize she is not a writer and maybe there is a barrier in culture and nuance of language but the constant i did this i did that i m compassionate i m loving was a bit eye rolling she needed a good editor or a ghost writer it was very repetitive and read more like a journal in areas not even chronological at times i had to go back because i thought i had dozed off when a new paragraph in the same chapter started on a completely unrelated subject very strange even some of the photos were odd choices i got the feeling she couldn t make a decision on photos so just threw them all in even if unflattering the black matte cover jacket is awful and gets oil spots on it from just holding the book making it look horrible in minutes i didn t have any problem with the binding like others have said in reviews but the book was indeed expensive and not worth the price i feel as if she had some kind of publication deadline and didn t give enough time to do this job well or even that someone sabotaged her into thinking it was great in contrast i read free melania the unauthorized biography by kate bennet in late 2019 i would never have picked that book up but it was given to me by my son who didn t realize it was supposed to be negative i gave that book 2 stars so it also was not great but even though it was supposed to be a hit job kate described melania quite well i remember thinking melania must be a pretty good person because the only bad things kate could come up with revolved around melania s shopping habits i also learned a lot about life in the white house as kate bennet was the only journalist in the white house press corps to cover solely melania trump after reading melania the only interesting item i ve come away with is this she shared the tradition of the outgoing president allowing the incoming president to check out the white house and plan for their move and renovation of rooms etc expecially with a 10 year old boy moving in this time is usually over the christmas holidays when the sitting president s family is out of the white house in some other location she wrote that the trump staff sent a request but did not receive a response for weeks making it very difficult to organize the visit with the people needed that was part of the reason she finished off the school year with baron in nyc she mentioned baron was 10 and the children s rooms were feminine since there had not been a boy child in the white house since kennedy she wanted to make the transition as easy as possible for him incidentally as i was reading this part i then heard a brief news item that the trumps were invited to the white house this christmas season,0.43826
Twig the Wonder Kid,"Reviewed in the United States on December 20, 2024",1.0 out of 5 stars,"What a waste of a human being. For four years, she had the ability to effortlessly and at no cost to herself, improve the lives of millions of people on a daily basis. She chose to abstain. She didn’t lift a finger to help anyone and continues her greedy selfish ways. How much money do these people need? They have no substance, no compassion. Why anyone would revere her is beyond my comprehension. This book is merely an extension of her vanity. She needs to get over herself.",what a waste of a human being for four years she had the ability to effortlessly and at no cost to herself improve the lives of millions of people on a daily basis she chose to abstain she didn t lift a finger to help anyone and continues her greedy selfish ways how much money do these people need they have no substance no compassion why anyone would revere her is beyond my comprehension this book is merely an extension of her vanity she needs to get over herself,0.202115
Eliz,"Reviewed in the United States on December 20, 2024",1.0 out of 5 stars,"Nothing more to say, a book written by a trophy wife doesn’t deserve more than a star.",nothing more to say a book written by a trophy wife doesn t deserve more than a star,0.29
M. Moody,"Reviewed in the United States on December 20, 2024",1.0 out of 5 stars,"I picked up this book out of curiosity and only became more and more disappointed. We all have areas of our lives that are less than accurate or truthful, but most of us don't publish them. Not worth the read.",i picked up this book out of curiosity and only became more and more disappointed we all have areas of our lives that are less than accurate or truthful but most of us don t publish them not worth the read,0.24136999999999997
K H,"Reviewed in the United States on December 19, 2024",1.0 out of 5 stars,Reads like a cover letter. Not even written in order and all over the place. I regret reading this book.,reads like a cover letter not even written in order and all over the place i regret reading this book,0.27842
Nicoletta,"Reviewed in the United States on December 19, 2024",1.0 out of 5 stars,It is a show of true love (of money),it is a show of true love of money,0.40859
SAM S,"Reviewed in the United States on December 19, 2024",1.0 out of 5 stars,"Self serving tripe. As she so proudly displayed on her coat ""I don't really care, do u?"" would have been an apt subtitle.",self serving tripe as she so proudly displayed on her coat i don t really care do u would have been an apt subtitle,0.41669
matthew,"Reviewed in the United States on December 17, 2024",1.0 out of 5 stars,I ran out of toilet paper. Luckily someone gave me this book.,i ran out of toilet paper luckily someone gave me this book,0.36658999999999997
Sharon,"Reviewed in the United States on December 17, 2024",1.0 out of 5 stars,"I’ve read a lot of books since I retired and this one takes the cake as the worst. You might as well be in a cult and repeat, “I am Melania. I am wonderful” after each paragraph. It’s slanted to her side, she shows no accountability for anything and she’s wonderful and most others aren’t. Poor baby. She’s picked on. Worst book that. Try Arnold’s book—way better.",i ve read a lot of books since i retired and this one takes the cake as the worst you might as well be in a cult and repeat i am melania i am wonderful after each paragraph it s slanted to her side she shows no accountability for anything and she s wonderful and most others aren t poor baby she s picked on worst book that try arnold s book way better,0.24018499999999998
Rose,"Reviewed in the United States on December 14, 2024",1.0 out of 5 stars,There is no way these are her true feelings & no way she wrote this. This should be categorized under FICTION.,there is no way these are her true feelings no way she wrote this this should be categorized under fiction,0.26703499999999997
patricia,"Reviewed in the United States on December 10, 2024",1.0 out of 5 stars,"Photos poor quality, self promoting and no mention of proceeds going to a charity. Melania doesn’t need the money.",photos poor quality self promoting and no mention of proceeds going to a charity melania doesn t need the money,0.29
Nancy B,"Reviewed in the United States on December 9, 2024",1.0 out of 5 stars,Not worth the paper it’s printed on! It was so obvious it was written to try to shed a more positive light on her husband right before the election.,not worth the paper it s printed on it was so obvious it was written to try to shed a more positive light on her husband right before the election,0.36477499999999996
Tbarr1013,"Reviewed in the United States on December 9, 2024",1.0 out of 5 stars,I heard Donald was going to write the introduction but he couldn't figure out how to open the book,i heard donald was going to write the introduction but he couldn t figure out how to open the book,0.29
Packaging a little damaged in the mail but the item itself is perfect.,"Reviewed in the United States on December 5, 2024",1.0 out of 5 stars,"Chapters 16-18 are missing. In their place is a duplicate reprint of chapters 12-14.
Need a new book! Have contacted publisher. Waiting to hear back…..",chapters 16 18 are missing in their place is a duplicate reprint of chapters 12 14 need a new book have contacted publisher waiting to hear back,0.24559999999999998
LK,"Reviewed in the United States on November 30, 2024",1.0 out of 5 stars,I did not enjoy this this book at all. She comes across as very conceited and brags about herself through out the book. I gave the book away without finishing it b cause it was so bad.,i did not enjoy this this book at all she comes across as very conceited and brags about herself through out the book i gave the book away without finishing it b cause it was so bad,0.170375
Bill B.,"Reviewed in the United States on November 30, 2024",1.0 out of 5 stars,Don't read. Terrible. 0 stars.,don t read terrible 0 stars,0.218495
Jeanine Stabnow,"Reviewed in the United States on November 25, 2024",1.0 out of 5 stars,Melania's book has been nice to read but the pictures in the center of the book are literally falling out of the binding. The binding has not held up at all. The date it too late for me to send back since I did not get it read right away. A big waste of my money,melania s book has been nice to read but the pictures in the center of the book are literally falling out of the binding the binding has not held up at all the date it too late for me to send back since i did not get it read right away a big waste of my money,0.20421499999999998
Vanity Nutrition,"Reviewed in the United States on November 25, 2024",1.0 out of 5 stars,"The story of a poor, yet pretty, farm girl who grew up in a communist country. She worked what she had to get what she wanted, and she wanted money.",the story of a poor yet pretty farm girl who grew up in a communist country she worked what she had to get what she wanted and she wanted money,0.29386999999999996
No Sleep 'til Brooklyn,"Reviewed in the United States on November 24, 2024",1.0 out of 5 stars,"Immigration Background- There’s irony noted in her immigration journey juxtaposed with her husband’s hardline immigration policies.

“Be Best” Campaign- While her anti-bullying initiative was well-intentioned, how ironic given Donald Trump’s combative style.

Lack of Transparency- She people feel she is overly private, making her actions and priorities as First Lady unclear or difficult to assess.",immigration background there s irony noted in her immigration journey juxtaposed with her husband s hardline immigration policies be best campaign while her anti bullying initiative was well intentioned how ironic given donald trump s combative style lack of transparency she people feel she is overly private making her actions and priorities as first lady unclear or difficult to assess,0.17740999999999998
Amazon Customer,"Reviewed in the United States on November 23, 2024",1.0 out of 5 stars,A self promoting book lacking in introspection or a sense of history. Waste of time,a self promoting book lacking in introspection or a sense of history waste of time,0.27842
Amazon Customer,"Reviewed in the United States on November 22, 2024",1.0 out of 5 stars,This book is one of the best coaster or place mat I've ever seen.,this book is one of the best coaster or place mat i ve ever seen,0.38553499999999996
DOUGLAS D. WILKERSON,"Reviewed in the United States on November 20, 2024",1.0 out of 5 stars,"Melania by Melania Trump is a masterclass in vacuity, a memoir that promises insight into the life of one of the most enigmatic and scrutinized figures of modern politics but delivers little more than an exercise in self-promotion. The book is a glossy, surface-level account that skirts the most meaningful questions about her life, reducing the complex reality of her experiences to a series of clichés and vague, lifeless platitudes.

Rather than offering genuine introspection or revealing new perspectives, Melania's narrative is predictably distant and calculated, mirroring the aloofness that has defined her public persona. There is little substance in her reflections, only a repetitive parade of tired tropes about beauty, family, and a vague sense of American patriotism, all packaged in a way that feels more like a branding effort than an authentic memoir.

The writing itself is excruciatingly shallow. Melania, as a writer, displays a complete lack of depth, offering up sparse, almost mechanical descriptions of events and emotions. It’s clear that this book was written not for personal expression, but as a carefully curated product designed to sell a particular image—an image that remains deliberately impenetrable. Her reluctance to delve into any meaningful aspects of her personal life or thoughts on her controversial marriage to Donald Trump only adds to the sense that this book is nothing more than an exercise in vanity and image management.

In terms of narrative, the book meanders with no clear sense of direction, lacking both a cohesive structure and a compelling arc. Her experiences as First Lady are brushed over with little insight into the complexities of her role. There is no substantial reflection on the controversies surrounding her husband's presidency or her own public persona. Instead, readers are left with a sanitized, glorified version of Melania's life, where her true thoughts remain carefully guarded.

Melania by Melania Trump isn’t a memoir—it's a missed opportunity, a hollow text that fails to humanize its subject or offer any real connection. It’s a book that feels entirely detached from any real human experience, leaving behind only the stark reminder of how artfully crafted public images can be, and how little substance often lies beneath.",melania by melania trump is a masterclass in vacuity a memoir that promises insight into the life of one of the most enigmatic and scrutinized figures of modern politics but delivers little more than an exercise in self promotion the book is a glossy surface level account that skirts the most meaningful questions about her life reducing the complex reality of her experiences to a series of clichés and vague lifeless platitudes rather than offering genuine introspection or revealing new perspectives melania s narrative is predictably distant and calculated mirroring the aloofness that has defined her public persona there is little substance in her reflections only a repetitive parade of tired tropes about beauty family and a vague sense of american patriotism all packaged in a way that feels more like a branding effort than an authentic memoir the writing itself is excruciatingly shallow melania as a writer displays a complete lack of depth offering up sparse almost mechanical descriptions of events and emotions it s clear that this book was written not for personal expression but as a carefully curated product designed to sell a particular image an image that remains deliberately impenetrable her reluctance to delve into any meaningful aspects of her personal life or thoughts on her controversial marriage to donald trump only adds to the sense that this book is nothing more than an exercise in vanity and image management in terms of narrative the book meanders with no clear sense of direction lacking both a cohesive structure and a compelling arc her experiences as first lady are brushed over with little insight into the complexities of her role there is no substantial reflection on the controversies surrounding her husband s presidency or her own public persona instead readers are left with a sanitized glorified version of melania s life where her true thoughts remain carefully guarded melania by melania trump isn t a memoir it s a missed opportunity a hollow text that fails to humanize its subject or offer any real connection it s a book that feels entirely detached from any real human experience leaving behind only the stark reminder of how artfully crafted public images can be and how little substance often lies beneath,0.36083
iliketacos,"Reviewed in the United States on November 20, 2024",1.0 out of 5 stars,Boring and self arrogant. Not very well written.,boring and self arrogant not very well written,0.17598499999999997
Daniel Frye,"Reviewed in the United States on November 19, 2024",1.0 out of 5 stars,"This review has nothing to do with the book itself but rather the fact that the seller attached a sticker to the dustcover that won't completely come off and ruined it. Why would anyone do that, especially to a brand new book?",this review has nothing to do with the book itself but rather the fact that the seller attached a sticker to the dustcover that won t completely come off and ruined it why would anyone do that especially to a brand new book,0.323945
Anthony G. Puzzilla,"Reviewed in the United States on November 19, 2024",1.0 out of 5 stars,I didn't learn anything from her book that I didn't already know. It was a waste of money.,i didn t learn anything from her book that i didn t already know it was a waste of money,0.226775
LH,"Reviewed in the United States on November 18, 2024",1.0 out of 5 stars,"Terrible book. Absolutely no way she wrote it. Reads like boring fiction. No substance. Many people are saying this too, not just me.",terrible book absolutely no way she wrote it reads like boring fiction no substance many people are saying this too not just me,0.172445
Steven Frye,"Reviewed in the United States on November 18, 2024",1.0 out of 5 stars,"This ""tell all"" tells little...why, there isn't even a mention of Stormy Daniels! Very disappointed. The writing reads like the book was written by a committee.",this tell all tells little why there isn t even a mention of stormy daniels very disappointed the writing reads like the book was written by a committee,0.256295
Andy Joyce,"Reviewed in the United States on November 17, 2024",1.0 out of 5 stars,"Character, virtue, honesty, sacrifice. None of these matter to the Trumps.",character virtue honesty sacrifice none of these matter to the trumps,0.39678499999999994
Troy A Bailey,"Reviewed in the United States on November 16, 2024",1.0 out of 5 stars,I did not expect it to be so self-centered and plain boring.,i did not expect it to be so self centered and plain boring,0.24226999999999999
Bob Follette,"Reviewed in the United States on November 16, 2024",1.0 out of 5 stars,"Her descriptions of her early days as a young prostitute are interesting as is her on again, off again relationship with her son Barron. But the rest? I’ll wait for the movie.",her descriptions of her early days as a young prostitute are interesting as is her on again off again relationship with her son barron but the rest i ll wait for the movie,0.32216
Jerry Ditsch,"Reviewed in the United States on November 16, 2024",1.0 out of 5 stars,"the book was very good and interesting. the issue I have is the binding of the book is poor quality, the pages have started to separate, especially the pages that have pictures on them. The book is completely falling apart. Very disappointed because I wanted this book as a keepsake.",the book was very good and interesting the issue i have is the binding of the book is poor quality the pages have started to separate especially the pages that have pictures on them the book is completely falling apart very disappointed because i wanted this book as a keepsake,0.24462499999999998
Deborah,"Reviewed in the United States on November 15, 2024",1.0 out of 5 stars,Love this book! Price was better on Amazon,love this book price was better on amazon,0.41474
Nica,"Reviewed in the United States on November 14, 2024",1.0 out of 5 stars,"I read a copy from my library and was quite disappointed as found this book lacks depth and serves more as a vehicle for propaganda than a genuine exploration of Melania's life. The memoir covers her childhood, modeling career, and marriage to Donald Trump, but is vague and superficial, filled with generic cliches lacking in substantial insights about her personal experiences or political views.

While Melania touches on her upbringing in Slovenia and her experiences in the fashion industry, she glosses over significant historical contexts, such as the civil war in Yugoslavia and the oppressive atmosphere of communism. Similarly, Melania's portrayal of her relationship with Donald Trump is notably detached. The memoir lacks unique details or emotional depth, often depicting their interactions in a cold light. For instance, she describes a post-election moment between them that feels more like a business exchange than a personal connection.

While Melania does touch upon political issues, including her stance on abortion rights, these discussions often feel like calculated moves rather than genuine expressions of belief. Her commentary on significant events during her husband's presidency is sparse and lacks personal insight -- its obviously more of an attempt to reshape public perception rather than provide an honest account. She fails to grapple with the complexities of her marriage or her role as First Lady, and I was left with a sense of emptiness rather than clarity about Melania's life and values.",i read a copy from my library and was quite disappointed as found this book lacks depth and serves more as a vehicle for propaganda than a genuine exploration of melania s life the memoir covers her childhood modeling career and marriage to donald trump but is vague and superficial filled with generic cliches lacking in substantial insights about her personal experiences or political views while melania touches on her upbringing in slovenia and her experiences in the fashion industry she glosses over significant historical contexts such as the civil war in yugoslavia and the oppressive atmosphere of communism similarly melania s portrayal of her relationship with donald trump is notably detached the memoir lacks unique details or emotional depth often depicting their interactions in a cold light for instance she describes a post election moment between them that feels more like a business exchange than a personal connection while melania does touch upon political issues including her stance on abortion rights these discussions often feel like calculated moves rather than genuine expressions of belief her commentary on significant events during her husband s presidency is sparse and lacks personal insight its obviously more of an attempt to reshape public perception rather than provide an honest account she fails to grapple with the complexities of her marriage or her role as first lady and i was left with a sense of emptiness rather than clarity about melania s life and values,0.38866999999999996
Brittany,"Reviewed in the United States on November 13, 2024",1.0 out of 5 stars,Basic and boring Could have gone so much deeper into so much more especially the 2020 chapter so don't waste your money,basic and boring could have gone so much deeper into so much more especially the 2020 chapter so don t waste your money,0.191405
Ivanka,"Reviewed in the United States on November 13, 2024",1.0 out of 5 stars,"This was a very pompous, self congratulatory book that had NOTHING that the News Media didn't already cover!!!!! Quite funny that the reviews are heavily edited.......FREE SPEECH!!!! Anyone should be able to post their honest opinion HERE IN AMERICA!!!!!",this was a very pompous self congratulatory book that had nothing that the news media didn t already cover quite funny that the reviews are heavily edited free speech anyone should be able to post their honest opinion here in america,0.42030499999999993
Ron Pierson,"Reviewed in the United States on November 13, 2024",1.0 out of 5 stars,I found it as moving as a pound of cheese.,i found it as moving as a pound of cheese,0.29
HitmySoul,"Reviewed in the United States on November 12, 2024",1.0 out of 5 stars,pages fell out and are even cut propertly.,pages fell out and are even cut propertly,0.24901999999999996
Ryan,"Reviewed in the United States on November 12, 2024",1.0 out of 5 stars,What else would you expect this to be?,what else would you expect this to be,0.29
Jeff D.,"Reviewed in the United States on November 12, 2024",1.0 out of 5 stars,This is total garbage and a farce. Fraud in action,this is total garbage and a farce fraud in action,0.17631499999999997
Diane Moseberry,"Reviewed in the United States on November 11, 2024",1.0 out of 5 stars,"This book read like historical fiction. No voice , just long, meandering, flowery descriptions of Melanie’s idyllic childhood, falling in love with Donald at age 28 and her life thereafter. She gives her opinions and emotional reaction to several events that occurred before and during her time in the White House including the plagiarized speech. She says she reviewed several previous First Ladies speeches and copied excerpts of Michelle Obama’s speech for her RNC speech draft and expected the speech writers to revise it on the vetting process. The speech writers did not catch that the speech was plagiarized because this was not communicated well and that is how it was approved. Overall the book was boring and did not give any clue to if Melanie has any personality or unusual occurrences in her life aside from marrying Donald Trump",this book read like historical fiction no voice just long meandering flowery descriptions of melanie s idyllic childhood falling in love with donald at age 28 and her life thereafter she gives her opinions and emotional reaction to several events that occurred before and during her time in the white house including the plagiarized speech she says she reviewed several previous first ladies speeches and copied excerpts of michelle obama s speech for her rnc speech draft and expected the speech writers to revise it on the vetting process the speech writers did not catch that the speech was plagiarized because this was not communicated well and that is how it was approved overall the book was boring and did not give any clue to if melanie has any personality or unusual occurrences in her life aside from marrying donald trump,0.38529499999999994
Cortney Crisham,"Reviewed in the United States on November 9, 2024",1.0 out of 5 stars,Michelle Obama Wrote a Better Book,michelle obama wrote a better book,0.35605999999999993
shannon,"Reviewed in the United States on November 7, 2024",1.0 out of 5 stars,"I ordered the the Melania book which is all black matte on the outside of the slip cover of the book.
Was placed a sticky sticker. What's left a permanent stain on cover from the sticky residue.
Tried to wipe it off with a damp cloth but would not come off. So if you don't care what the book looks like on the outside, Then I would give it 5.
STARZ.",i ordered the the melania book which is all black matte on the outside of the slip cover of the book was placed a sticky sticker what s left a permanent stain on cover from the sticky residue tried to wipe it off with a damp cloth but would not come off so if you don t care what the book looks like on the outside then i would give it 5 starz,0.413015
Jean Grobe,"Reviewed in the United States on November 7, 2024",1.0 out of 5 stars,Why bother,why bother,0.239
BFM,"Reviewed in the United States on November 6, 2024",1.0 out of 5 stars,So much of this book is a fantasy of how Melania imagines that her life has been. One wonders if she lives in a fantasy world as a survival technique. Sadly disappointing. Do not recommend.,so much of this book is a fantasy of how melania imagines that her life has been one wonders if she lives in a fantasy world as a survival technique sadly disappointing do not recommend,0.17045
CONNIE B.,"Reviewed in the United States on November 6, 2024",1.0 out of 5 stars,This book reads like it is written by a first grader. Sorry first graders. Don’t waste your hard earned money on this.,this book reads like it is written by a first grader sorry first graders don t waste your hard earned money on this,0.25249999999999995
J.C. Hager,"Reviewed in the United States on November 5, 2024",1.0 out of 5 stars,Poorly written and void of substance.,poorly written and void of substance,0.29
dhbgolfer3,"Reviewed in the United States on November 5, 2024",1.0 out of 5 stars,Totally ignores her husband’s attempt to destroy our democracy. Pretends that the years with her husband as President were normal.,totally ignores her husband s attempt to destroy our democracy pretends that the years with her husband as president were normal,0.17862499999999998
Akd,"Reviewed in the United States on November 5, 2024",1.0 out of 5 stars,How could anybody write this crap or even read it,how could anybody write this crap or even read it,0.22118
Phil King Sr.,"Reviewed in the United States on November 2, 2024",1.0 out of 5 stars,terrible. waste of money. and time.,terrible waste of money and time,0.18355999999999997
Amazon Customer,"Reviewed in the United States on November 1, 2024",1.0 out of 5 stars,And that's it's bought by Trump supporters....is obvious. Very sad,and that s it s bought by trump supporters is obvious very sad,0.271055
Just an average Guy,"Reviewed in the United States on October 30, 2024",1.0 out of 5 stars,This has to be the most boring book I have ever read. No substance. Just superficial stories.,this has to be the most boring book i have ever read no substance just superficial stories,0.20226499999999997
patrixjude,"Reviewed in the United States on October 30, 2024",1.0 out of 5 stars,"I really expected some political depth in this memoir. Sadly it did not materialise. Melanie must know more than she is telling, surely?",i really expected some political depth in this memoir sadly it did not materialise melanie must know more than she is telling surely,0.29386999999999996
GS,"Reviewed in the United States on October 30, 2024",1.0 out of 5 stars,"Clearly, Melania Knauss Trump did not write this book. But that’s okay. A lot of people have ghost writers or support team that writes their their story for them. It’s a very simplistic and writing style with basic. He said she said speaker tags.

But seriously, seriously within the first few pages she’s already an American citizen? I have to say that is a lengthy arduous process. One has to be in the United States for 10 years, living working and or married married to a US citizen in order to even apply to be a citizen. You first have to have been able to apply for either a working visa or a family sponsorship. A green card in other words. One obtains a green card one of four ways. 1) By marrying a United States citizen, who then sponsors you that is to say vouchers for you and requires little of the sponsor aside from proving three most recent years of income at a minimum of what’s technically classed in the “extremely low” Federally determined income category. 2) By an employer employing you at a minimum salary and sponsoring you, as And filing documents with the federal government vouching for your presence in the United States as a spouse in the family option above. 3) By qualifying as being what's called and “exceptional person” and being given access and a green card to the U.S. pretty much works this way in every country, because of your outstanding achievements, notoriety or fame in your home country. 4) By being under age 18, (which Melania was not, she was 26 according to her book when she came to the United States) but if you are under 18, and your parents become US citizens, they can also bring you in on their application. - Seeing all of this completely skipped over in an autobiography about this woman just left me completely uninterested in reading another word.",clearly melania knauss trump did not write this book but that s okay a lot of people have ghost writers or support team that writes their their story for them it s a very simplistic and writing style with basic he said she said speaker tags but seriously seriously within the first few pages she s already an american citizen i have to say that is a lengthy arduous process one has to be in the united states for 10 years living working and or married married to a us citizen in order to even apply to be a citizen you first have to have been able to apply for either a working visa or a family sponsorship a green card in other words one obtains a green card one of four ways 1 by marrying a united states citizen who then sponsors you that is to say vouchers for you and requires little of the sponsor aside from proving three most recent years of income at a minimum of what s technically classed in the extremely low federally determined income category 2 by an employer employing you at a minimum salary and sponsoring you as and filing documents with the federal government vouching for your presence in the united states as a spouse in the family option above 3 by qualifying as being what s called and exceptional person and being given access and a green card to the u s pretty much works this way in every country because of your outstanding achievements notoriety or fame in your home country 4 by being under age 18 which melania was not she was 26 according to her book when she came to the united states but if you are under 18 and your parents become us citizens they can also bring you in on their application seeing all of this completely skipped over in an autobiography about this woman just left me completely uninterested in reading another word,0.43784
Gmb,"Reviewed in the United States on October 29, 2024",1.0 out of 5 stars,Sent it back before I opened it bc of her remarks about her being pro womens rights for abortion. Very disappointed could have kept that news until after Trump was out of office.,sent it back before i opened it bc of her remarks about her being pro womens rights for abortion very disappointed could have kept that news until after trump was out of office,0.21116
Aristillus,"Reviewed in the United States on October 29, 2024",1.0 out of 5 stars,"I was able to read this book for free through my public library and do not recommend paying more than that. It does give some insight to the inner Melania and it turns out she is just a quieter version of her husband. The self aggrandizing, the virtue signaling, the glossing over truths, the blaming others, the anger towards the press, the lack of humility...it's all there. Her full throated endorsement of right to choose is laughable and obviously intend to reassure voters who might find that a sticking point in the election. Until reading her book I honestly thought she was at least relatable and somewhat normal. Free Melania? Ha! Melania is quite happy where she is.",i was able to read this book for free through my public library and do not recommend paying more than that it does give some insight to the inner melania and it turns out she is just a quieter version of her husband the self aggrandizing the virtue signaling the glossing over truths the blaming others the anger towards the press the lack of humility it s all there her full throated endorsement of right to choose is laughable and obviously intend to reassure voters who might find that a sticking point in the election until reading her book i honestly thought she was at least relatable and somewhat normal free melania ha melania is quite happy where she is,0.43020499999999995
stonna mitchell,"Reviewed in the United States on October 29, 2024",1.0 out of 5 stars,She writes in the book about her real views but then goes and support all the racist speeches at her husband rally. This sure won't be in anyone's library. I don't believe her for a moment her views on women's abortion rights....,she writes in the book about her real views but then goes and support all the racist speeches at her husband rally this sure won t be in anyone s library i don t believe her for a moment her views on women s abortion rights,0.40408999999999995
